<?xml version="1.0" encoding="UTF-8" ?>
<module>
    <name>csoft_placereview</name>
    <displayName><![CDATA[Avis Google]]></displayName>
    <version><![CDATA[1.2.0]]></version>
    <description><![CDATA[Ce module affiche vos avis Google sur votre boutique dans un slider.]]></description>
    <author><![CDATA[ComonSoft]]></author>
    <tab><![CDATA[front_office_features]]></tab>
	<confirmUninstall><![CDATA[Êtes-vous sûr de vouloir désinstaller le module Avis Google?]]></confirmUninstall>
    <is_configurable>1</is_configurable>
    <need_instance>0</need_instance>
</module>