<?xml version="1.0" encoding="UTF-8" ?>
<module>
    <name>redsyspur</name>
    <displayName><![CDATA[Redsys InSite para Prestashop]]></displayName>
    <version><![CDATA[4.2.1]]></version>
    <description><![CDATA[Pagos con tarjeta mediante la pasarela de pago de Redsys.]]></description>
    <author><![CDATA[Redsys]]></author>
    <tab><![CDATA[payments_gateways]]></tab>
    <is_configurable>1</is_configurable>
    <need_instance>1</need_instance>
	<limited_countries></limited_countries>
</module>